,image,num of ppl
0,/home/daisuke/Workplace/Count-Annotator2/pocari-cm.mp4_output/pocari-cm_1140.jpg_checked_256_256_cropped/21/pocari-cm_1140.jpg_checked_256_256_30_30_0_50_50.jpg,21
1,/home/daisuke/Workplace/Count-Annotator2/pocari-cm.mp4_output/pocari-cm_1140.jpg_checked_256_256_cropped/20/pocari-cm_1140.jpg_checked_256_256_30_30_0_80_50.jpg,20
2,/home/daisuke/Workplace/Count-Annotator2/pocari-cm.mp4_output/pocari-cm_1140.jpg_checked_256_256_cropped/21/pocari-cm_1140.jpg_checked_256_256_30_30_0_110_50.jpg,21
3,/home/daisuke/Workplace/Count-Annotator2/pocari-cm.mp4_output/pocari-cm_1140.jpg_checked_256_256_cropped/21/pocari-cm_1140.jpg_checked_256_256_30_30_0_140_50.jpg,21
4,/home/daisuke/Workplace/Count-Annotator2/pocari-cm.mp4_output/pocari-cm_1140.jpg_checked_256_256_cropped/23/pocari-cm_1140.jpg_checked_256_256_30_30_0_170_50.jpg,23
5,/home/daisuke/Workplace/Count-Annotator2/pocari-cm.mp4_output/pocari-cm_1140.jpg_checked_256_256_cropped/22/pocari-cm_1140.jpg_checked_256_256_30_30_0_200_50.jpg,22
6,/home/daisuke/Workplace/Count-Annotator2/pocari-cm.mp4_output/pocari-cm_1140.jpg_checked_256_256_cropped/20/pocari-cm_1140.jpg_checked_256_256_30_30_0_230_50.jpg,20
7,/home/daisuke/Workplace/Count-Annotator2/pocari-cm.mp4_output/pocari-cm_1140.jpg_checked_256_256_cropped/15/pocari-cm_1140.jpg_checked_256_256_30_30_0_260_50.jpg,15
8,/home/daisuke/Workplace/Count-Annotator2/pocari-cm.mp4_output/pocari-cm_1140.jpg_checked_256_256_cropped/13/pocari-cm_1140.jpg_checked_256_256_30_30_0_290_50.jpg,13
9,/home/daisuke/Workplace/Count-Annotator2/pocari-cm.mp4_output/pocari-cm_1140.jpg_checked_256_256_cropped/11/pocari-cm_1140.jpg_checked_256_256_30_30_0_320_50.jpg,11
10,/home/daisuke/Workplace/Count-Annotator2/pocari-cm.mp4_output/pocari-cm_1140.jpg_checked_256_256_cropped/10/pocari-cm_1140.jpg_checked_256_256_30_30_0_350_50.jpg,10
11,/home/daisuke/Workplace/Count-Annotator2/pocari-cm.mp4_output/pocari-cm_1140.jpg_checked_256_256_cropped/10/pocari-cm_1140.jpg_checked_256_256_30_30_0_380_50.jpg,10
12,/home/daisuke/Workplace/Count-Annotator2/pocari-cm.mp4_output/pocari-cm_1140.jpg_checked_256_256_cropped/10/pocari-cm_1140.jpg_checked_256_256_30_30_0_410_50.jpg,10
13,/home/daisuke/Workplace/Count-Annotator2/pocari-cm.mp4_output/pocari-cm_1140.jpg_checked_256_256_cropped/9/pocari-cm_1140.jpg_checked_256_256_30_30_0_440_50.jpg,9
14,/home/daisuke/Workplace/Count-Annotator2/pocari-cm.mp4_output/pocari-cm_1140.jpg_checked_256_256_cropped/9/pocari-cm_1140.jpg_checked_256_256_30_30_0_470_50.jpg,9
15,/home/daisuke/Workplace/Count-Annotator2/pocari-cm.mp4_output/pocari-cm_1140.jpg_checked_256_256_cropped/11/pocari-cm_1140.jpg_checked_256_256_30_30_0_500_50.jpg,11
16,/home/daisuke/Workplace/Count-Annotator2/pocari-cm.mp4_output/pocari-cm_1140.jpg_checked_256_256_cropped/12/pocari-cm_1140.jpg_checked_256_256_30_30_0_530_50.jpg,12
17,/home/daisuke/Workplace/Count-Annotator2/pocari-cm.mp4_output/pocari-cm_1140.jpg_checked_256_256_cropped/14/pocari-cm_1140.jpg_checked_256_256_30_30_0_560_50.jpg,14
18,/home/daisuke/Workplace/Count-Annotator2/pocari-cm.mp4_output/pocari-cm_1140.jpg_checked_256_256_cropped/17/pocari-cm_1140.jpg_checked_256_256_30_30_0_590_50.jpg,17
19,/home/daisuke/Workplace/Count-Annotator2/pocari-cm.mp4_output/pocari-cm_1140.jpg_checked_256_256_cropped/18/pocari-cm_1140.jpg_checked_256_256_30_30_0_620_50.jpg,18
20,/home/daisuke/Workplace/Count-Annotator2/pocari-cm.mp4_output/pocari-cm_1140.jpg_checked_256_256_cropped/17/pocari-cm_1140.jpg_checked_256_256_30_30_0_650_50.jpg,17
21,/home/daisuke/Workplace/Count-Annotator2/pocari-cm.mp4_output/pocari-cm_1140.jpg_checked_256_256_cropped/18/pocari-cm_1140.jpg_checked_256_256_30_30_0_680_50.jpg,18
22,/home/daisuke/Workplace/Count-Annotator2/pocari-cm.mp4_output/pocari-cm_1140.jpg_checked_256_256_cropped/18/pocari-cm_1140.jpg_checked_256_256_30_30_0_710_50.jpg,18
23,/home/daisuke/Workplace/Count-Annotator2/pocari-cm.mp4_output/pocari-cm_1140.jpg_checked_256_256_cropped/19/pocari-cm_1140.jpg_checked_256_256_30_30_0_740_50.jpg,19
24,/home/daisuke/Workplace/Count-Annotator2/pocari-cm.mp4_output/pocari-cm_1140.jpg_checked_256_256_cropped/22/pocari-cm_1140.jpg_checked_256_256_30_30_0_770_50.jpg,22
25,/home/daisuke/Workplace/Count-Annotator2/pocari-cm.mp4_output/pocari-cm_1140.jpg_checked_256_256_cropped/22/pocari-cm_1140.jpg_checked_256_256_30_30_0_800_50.jpg,22
26,/home/daisuke/Workplace/Count-Annotator2/pocari-cm.mp4_output/pocari-cm_1140.jpg_checked_256_256_cropped/21/pocari-cm_1140.jpg_checked_256_256_30_30_0_830_50.jpg,21
27,/home/daisuke/Workplace/Count-Annotator2/pocari-cm.mp4_output/pocari-cm_1140.jpg_checked_256_256_cropped/18/pocari-cm_1140.jpg_checked_256_256_30_30_0_860_50.jpg,18
28,/home/daisuke/Workplace/Count-Annotator2/pocari-cm.mp4_output/pocari-cm_1140.jpg_checked_256_256_cropped/18/pocari-cm_1140.jpg_checked_256_256_30_30_0_890_50.jpg,18
29,/home/daisuke/Workplace/Count-Annotator2/pocari-cm.mp4_output/pocari-cm_1140.jpg_checked_256_256_cropped/16/pocari-cm_1140.jpg_checked_256_256_30_30_0_920_50.jpg,16
30,/home/daisuke/Workplace/Count-Annotator2/pocari-cm.mp4_output/pocari-cm_1140.jpg_checked_256_256_cropped/15/pocari-cm_1140.jpg_checked_256_256_30_30_0_950_50.jpg,15
31,/home/daisuke/Workplace/Count-Annotator2/pocari-cm.mp4_output/pocari-cm_1140.jpg_checked_256_256_cropped/21/pocari-cm_1140.jpg_checked_256_256_30_30_0_50_80.jpg,21
32,/home/daisuke/Workplace/Count-Annotator2/pocari-cm.mp4_output/pocari-cm_1140.jpg_checked_256_256_cropped/20/pocari-cm_1140.jpg_checked_256_256_30_30_0_80_80.jpg,20
33,/home/daisuke/Workplace/Count-Annotator2/pocari-cm.mp4_output/pocari-cm_1140.jpg_checked_256_256_cropped/21/pocari-cm_1140.jpg_checked_256_256_30_30_0_110_80.jpg,21
34,/home/daisuke/Workplace/Count-Annotator2/pocari-cm.mp4_output/pocari-cm_1140.jpg_checked_256_256_cropped/21/pocari-cm_1140.jpg_checked_256_256_30_30_0_140_80.jpg,21
35,/home/daisuke/Workplace/Count-Annotator2/pocari-cm.mp4_output/pocari-cm_1140.jpg_checked_256_256_cropped/23/pocari-cm_1140.jpg_checked_256_256_30_30_0_170_80.jpg,23
36,/home/daisuke/Workplace/Count-Annotator2/pocari-cm.mp4_output/pocari-cm_1140.jpg_checked_256_256_cropped/22/pocari-cm_1140.jpg_checked_256_256_30_30_0_200_80.jpg,22
37,/home/daisuke/Workplace/Count-Annotator2/pocari-cm.mp4_output/pocari-cm_1140.jpg_checked_256_256_cropped/20/pocari-cm_1140.jpg_checked_256_256_30_30_0_230_80.jpg,20
38,/home/daisuke/Workplace/Count-Annotator2/pocari-cm.mp4_output/pocari-cm_1140.jpg_checked_256_256_cropped/15/pocari-cm_1140.jpg_checked_256_256_30_30_0_260_80.jpg,15
39,/home/daisuke/Workplace/Count-Annotator2/pocari-cm.mp4_output/pocari-cm_1140.jpg_checked_256_256_cropped/13/pocari-cm_1140.jpg_checked_256_256_30_30_0_290_80.jpg,13
40,/home/daisuke/Workplace/Count-Annotator2/pocari-cm.mp4_output/pocari-cm_1140.jpg_checked_256_256_cropped/11/pocari-cm_1140.jpg_checked_256_256_30_30_0_320_80.jpg,11
41,/home/daisuke/Workplace/Count-Annotator2/pocari-cm.mp4_output/pocari-cm_1140.jpg_checked_256_256_cropped/10/pocari-cm_1140.jpg_checked_256_256_30_30_0_350_80.jpg,10
42,/home/daisuke/Workplace/Count-Annotator2/pocari-cm.mp4_output/pocari-cm_1140.jpg_checked_256_256_cropped/10/pocari-cm_1140.jpg_checked_256_256_30_30_0_380_80.jpg,10
43,/home/daisuke/Workplace/Count-Annotator2/pocari-cm.mp4_output/pocari-cm_1140.jpg_checked_256_256_cropped/10/pocari-cm_1140.jpg_checked_256_256_30_30_0_410_80.jpg,10
44,/home/daisuke/Workplace/Count-Annotator2/pocari-cm.mp4_output/pocari-cm_1140.jpg_checked_256_256_cropped/9/pocari-cm_1140.jpg_checked_256_256_30_30_0_440_80.jpg,9
45,/home/daisuke/Workplace/Count-Annotator2/pocari-cm.mp4_output/pocari-cm_1140.jpg_checked_256_256_cropped/9/pocari-cm_1140.jpg_checked_256_256_30_30_0_470_80.jpg,9
46,/home/daisuke/Workplace/Count-Annotator2/pocari-cm.mp4_output/pocari-cm_1140.jpg_checked_256_256_cropped/11/pocari-cm_1140.jpg_checked_256_256_30_30_0_500_80.jpg,11
47,/home/daisuke/Workplace/Count-Annotator2/pocari-cm.mp4_output/pocari-cm_1140.jpg_checked_256_256_cropped/12/pocari-cm_1140.jpg_checked_256_256_30_30_0_530_80.jpg,12
48,/home/daisuke/Workplace/Count-Annotator2/pocari-cm.mp4_output/pocari-cm_1140.jpg_checked_256_256_cropped/14/pocari-cm_1140.jpg_checked_256_256_30_30_0_560_80.jpg,14
49,/home/daisuke/Workplace/Count-Annotator2/pocari-cm.mp4_output/pocari-cm_1140.jpg_checked_256_256_cropped/17/pocari-cm_1140.jpg_checked_256_256_30_30_0_590_80.jpg,17
50,/home/daisuke/Workplace/Count-Annotator2/pocari-cm.mp4_output/pocari-cm_1140.jpg_checked_256_256_cropped/18/pocari-cm_1140.jpg_checked_256_256_30_30_0_620_80.jpg,18
51,/home/daisuke/Workplace/Count-Annotator2/pocari-cm.mp4_output/pocari-cm_1140.jpg_checked_256_256_cropped/17/pocari-cm_1140.jpg_checked_256_256_30_30_0_650_80.jpg,17
52,/home/daisuke/Workplace/Count-Annotator2/pocari-cm.mp4_output/pocari-cm_1140.jpg_checked_256_256_cropped/18/pocari-cm_1140.jpg_checked_256_256_30_30_0_680_80.jpg,18
53,/home/daisuke/Workplace/Count-Annotator2/pocari-cm.mp4_output/pocari-cm_1140.jpg_checked_256_256_cropped/18/pocari-cm_1140.jpg_checked_256_256_30_30_0_710_80.jpg,18
54,/home/daisuke/Workplace/Count-Annotator2/pocari-cm.mp4_output/pocari-cm_1140.jpg_checked_256_256_cropped/19/pocari-cm_1140.jpg_checked_256_256_30_30_0_740_80.jpg,19
55,/home/daisuke/Workplace/Count-Annotator2/pocari-cm.mp4_output/pocari-cm_1140.jpg_checked_256_256_cropped/22/pocari-cm_1140.jpg_checked_256_256_30_30_0_770_80.jpg,22
56,/home/daisuke/Workplace/Count-Annotator2/pocari-cm.mp4_output/pocari-cm_1140.jpg_checked_256_256_cropped/22/pocari-cm_1140.jpg_checked_256_256_30_30_0_800_80.jpg,22
57,/home/daisuke/Workplace/Count-Annotator2/pocari-cm.mp4_output/pocari-cm_1140.jpg_checked_256_256_cropped/21/pocari-cm_1140.jpg_checked_256_256_30_30_0_830_80.jpg,21
58,/home/daisuke/Workplace/Count-Annotator2/pocari-cm.mp4_output/pocari-cm_1140.jpg_checked_256_256_cropped/18/pocari-cm_1140.jpg_checked_256_256_30_30_0_860_80.jpg,18
59,/home/daisuke/Workplace/Count-Annotator2/pocari-cm.mp4_output/pocari-cm_1140.jpg_checked_256_256_cropped/18/pocari-cm_1140.jpg_checked_256_256_30_30_0_890_80.jpg,18
60,/home/daisuke/Workplace/Count-Annotator2/pocari-cm.mp4_output/pocari-cm_1140.jpg_checked_256_256_cropped/16/pocari-cm_1140.jpg_checked_256_256_30_30_0_920_80.jpg,16
61,/home/daisuke/Workplace/Count-Annotator2/pocari-cm.mp4_output/pocari-cm_1140.jpg_checked_256_256_cropped/15/pocari-cm_1140.jpg_checked_256_256_30_30_0_950_80.jpg,15
62,/home/daisuke/Workplace/Count-Annotator2/pocari-cm.mp4_output/pocari-cm_1140.jpg_checked_256_256_cropped/17/pocari-cm_1140.jpg_checked_256_256_30_30_0_50_110.jpg,17
63,/home/daisuke/Workplace/Count-Annotator2/pocari-cm.mp4_output/pocari-cm_1140.jpg_checked_256_256_cropped/16/pocari-cm_1140.jpg_checked_256_256_30_30_0_80_110.jpg,16
64,/home/daisuke/Workplace/Count-Annotator2/pocari-cm.mp4_output/pocari-cm_1140.jpg_checked_256_256_cropped/16/pocari-cm_1140.jpg_checked_256_256_30_30_0_110_110.jpg,16
65,/home/daisuke/Workplace/Count-Annotator2/pocari-cm.mp4_output/pocari-cm_1140.jpg_checked_256_256_cropped/17/pocari-cm_1140.jpg_checked_256_256_30_30_0_140_110.jpg,17
66,/home/daisuke/Workplace/Count-Annotator2/pocari-cm.mp4_output/pocari-cm_1140.jpg_checked_256_256_cropped/19/pocari-cm_1140.jpg_checked_256_256_30_30_0_170_110.jpg,19
67,/home/daisuke/Workplace/Count-Annotator2/pocari-cm.mp4_output/pocari-cm_1140.jpg_checked_256_256_cropped/17/pocari-cm_1140.jpg_checked_256_256_30_30_0_200_110.jpg,17
68,/home/daisuke/Workplace/Count-Annotator2/pocari-cm.mp4_output/pocari-cm_1140.jpg_checked_256_256_cropped/15/pocari-cm_1140.jpg_checked_256_256_30_30_0_230_110.jpg,15
69,/home/daisuke/Workplace/Count-Annotator2/pocari-cm.mp4_output/pocari-cm_1140.jpg_checked_256_256_cropped/10/pocari-cm_1140.jpg_checked_256_256_30_30_0_260_110.jpg,10
70,/home/daisuke/Workplace/Count-Annotator2/pocari-cm.mp4_output/pocari-cm_1140.jpg_checked_256_256_cropped/8/pocari-cm_1140.jpg_checked_256_256_30_30_0_290_110.jpg,8
71,/home/daisuke/Workplace/Count-Annotator2/pocari-cm.mp4_output/pocari-cm_1140.jpg_checked_256_256_cropped/7/pocari-cm_1140.jpg_checked_256_256_30_30_0_320_110.jpg,7
72,/home/daisuke/Workplace/Count-Annotator2/pocari-cm.mp4_output/pocari-cm_1140.jpg_checked_256_256_cropped/7/pocari-cm_1140.jpg_checked_256_256_30_30_0_350_110.jpg,7
73,/home/daisuke/Workplace/Count-Annotator2/pocari-cm.mp4_output/pocari-cm_1140.jpg_checked_256_256_cropped/8/pocari-cm_1140.jpg_checked_256_256_30_30_0_380_110.jpg,8
74,/home/daisuke/Workplace/Count-Annotator2/pocari-cm.mp4_output/pocari-cm_1140.jpg_checked_256_256_cropped/6/pocari-cm_1140.jpg_checked_256_256_30_30_0_410_110.jpg,6
75,/home/daisuke/Workplace/Count-Annotator2/pocari-cm.mp4_output/pocari-cm_1140.jpg_checked_256_256_cropped/5/pocari-cm_1140.jpg_checked_256_256_30_30_0_440_110.jpg,5
76,/home/daisuke/Workplace/Count-Annotator2/pocari-cm.mp4_output/pocari-cm_1140.jpg_checked_256_256_cropped/5/pocari-cm_1140.jpg_checked_256_256_30_30_0_470_110.jpg,5
77,/home/daisuke/Workplace/Count-Annotator2/pocari-cm.mp4_output/pocari-cm_1140.jpg_checked_256_256_cropped/7/pocari-cm_1140.jpg_checked_256_256_30_30_0_500_110.jpg,7
78,/home/daisuke/Workplace/Count-Annotator2/pocari-cm.mp4_output/pocari-cm_1140.jpg_checked_256_256_cropped/7/pocari-cm_1140.jpg_checked_256_256_30_30_0_530_110.jpg,7
79,/home/daisuke/Workplace/Count-Annotator2/pocari-cm.mp4_output/pocari-cm_1140.jpg_checked_256_256_cropped/8/pocari-cm_1140.jpg_checked_256_256_30_30_0_560_110.jpg,8
80,/home/daisuke/Workplace/Count-Annotator2/pocari-cm.mp4_output/pocari-cm_1140.jpg_checked_256_256_cropped/10/pocari-cm_1140.jpg_checked_256_256_30_30_0_590_110.jpg,10
81,/home/daisuke/Workplace/Count-Annotator2/pocari-cm.mp4_output/pocari-cm_1140.jpg_checked_256_256_cropped/10/pocari-cm_1140.jpg_checked_256_256_30_30_0_620_110.jpg,10
82,/home/daisuke/Workplace/Count-Annotator2/pocari-cm.mp4_output/pocari-cm_1140.jpg_checked_256_256_cropped/9/pocari-cm_1140.jpg_checked_256_256_30_30_0_650_110.jpg,9
83,/home/daisuke/Workplace/Count-Annotator2/pocari-cm.mp4_output/pocari-cm_1140.jpg_checked_256_256_cropped/11/pocari-cm_1140.jpg_checked_256_256_30_30_0_680_110.jpg,11
84,/home/daisuke/Workplace/Count-Annotator2/pocari-cm.mp4_output/pocari-cm_1140.jpg_checked_256_256_cropped/10/pocari-cm_1140.jpg_checked_256_256_30_30_0_710_110.jpg,10
85,/home/daisuke/Workplace/Count-Annotator2/pocari-cm.mp4_output/pocari-cm_1140.jpg_checked_256_256_cropped/11/pocari-cm_1140.jpg_checked_256_256_30_30_0_740_110.jpg,11
86,/home/daisuke/Workplace/Count-Annotator2/pocari-cm.mp4_output/pocari-cm_1140.jpg_checked_256_256_cropped/13/pocari-cm_1140.jpg_checked_256_256_30_30_0_770_110.jpg,13
87,/home/daisuke/Workplace/Count-Annotator2/pocari-cm.mp4_output/pocari-cm_1140.jpg_checked_256_256_cropped/13/pocari-cm_1140.jpg_checked_256_256_30_30_0_800_110.jpg,13
88,/home/daisuke/Workplace/Count-Annotator2/pocari-cm.mp4_output/pocari-cm_1140.jpg_checked_256_256_cropped/13/pocari-cm_1140.jpg_checked_256_256_30_30_0_830_110.jpg,13
89,/home/daisuke/Workplace/Count-Annotator2/pocari-cm.mp4_output/pocari-cm_1140.jpg_checked_256_256_cropped/12/pocari-cm_1140.jpg_checked_256_256_30_30_0_860_110.jpg,12
90,/home/daisuke/Workplace/Count-Annotator2/pocari-cm.mp4_output/pocari-cm_1140.jpg_checked_256_256_cropped/12/pocari-cm_1140.jpg_checked_256_256_30_30_0_890_110.jpg,12
91,/home/daisuke/Workplace/Count-Annotator2/pocari-cm.mp4_output/pocari-cm_1140.jpg_checked_256_256_cropped/10/pocari-cm_1140.jpg_checked_256_256_30_30_0_920_110.jpg,10
92,/home/daisuke/Workplace/Count-Annotator2/pocari-cm.mp4_output/pocari-cm_1140.jpg_checked_256_256_cropped/10/pocari-cm_1140.jpg_checked_256_256_30_30_0_950_110.jpg,10
93,/home/daisuke/Workplace/Count-Annotator2/pocari-cm.mp4_output/pocari-cm_1140.jpg_checked_256_256_cropped/12/pocari-cm_1140.jpg_checked_256_256_30_30_0_50_140.jpg,12
94,/home/daisuke/Workplace/Count-Annotator2/pocari-cm.mp4_output/pocari-cm_1140.jpg_checked_256_256_cropped/11/pocari-cm_1140.jpg_checked_256_256_30_30_0_80_140.jpg,11
95,/home/daisuke/Workplace/Count-Annotator2/pocari-cm.mp4_output/pocari-cm_1140.jpg_checked_256_256_cropped/11/pocari-cm_1140.jpg_checked_256_256_30_30_0_110_140.jpg,11
96,/home/daisuke/Workplace/Count-Annotator2/pocari-cm.mp4_output/pocari-cm_1140.jpg_checked_256_256_cropped/11/pocari-cm_1140.jpg_checked_256_256_30_30_0_140_140.jpg,11
97,/home/daisuke/Workplace/Count-Annotator2/pocari-cm.mp4_output/pocari-cm_1140.jpg_checked_256_256_cropped/13/pocari-cm_1140.jpg_checked_256_256_30_30_0_170_140.jpg,13
98,/home/daisuke/Workplace/Count-Annotator2/pocari-cm.mp4_output/pocari-cm_1140.jpg_checked_256_256_cropped/12/pocari-cm_1140.jpg_checked_256_256_30_30_0_200_140.jpg,12
99,/home/daisuke/Workplace/Count-Annotator2/pocari-cm.mp4_output/pocari-cm_1140.jpg_checked_256_256_cropped/10/pocari-cm_1140.jpg_checked_256_256_30_30_0_230_140.jpg,10
100,/home/daisuke/Workplace/Count-Annotator2/pocari-cm.mp4_output/pocari-cm_1140.jpg_checked_256_256_cropped/7/pocari-cm_1140.jpg_checked_256_256_30_30_0_260_140.jpg,7
101,/home/daisuke/Workplace/Count-Annotator2/pocari-cm.mp4_output/pocari-cm_1140.jpg_checked_256_256_cropped/6/pocari-cm_1140.jpg_checked_256_256_30_30_0_290_140.jpg,6
102,/home/daisuke/Workplace/Count-Annotator2/pocari-cm.mp4_output/pocari-cm_1140.jpg_checked_256_256_cropped/5/pocari-cm_1140.jpg_checked_256_256_30_30_0_320_140.jpg,5
103,/home/daisuke/Workplace/Count-Annotator2/pocari-cm.mp4_output/pocari-cm_1140.jpg_checked_256_256_cropped/4/pocari-cm_1140.jpg_checked_256_256_30_30_0_350_140.jpg,4
104,/home/daisuke/Workplace/Count-Annotator2/pocari-cm.mp4_output/pocari-cm_1140.jpg_checked_256_256_cropped/5/pocari-cm_1140.jpg_checked_256_256_30_30_0_380_140.jpg,5
105,/home/daisuke/Workplace/Count-Annotator2/pocari-cm.mp4_output/pocari-cm_1140.jpg_checked_256_256_cropped/4/pocari-cm_1140.jpg_checked_256_256_30_30_0_410_140.jpg,4
106,/home/daisuke/Workplace/Count-Annotator2/pocari-cm.mp4_output/pocari-cm_1140.jpg_checked_256_256_cropped/4/pocari-cm_1140.jpg_checked_256_256_30_30_0_440_140.jpg,4
107,/home/daisuke/Workplace/Count-Annotator2/pocari-cm.mp4_output/pocari-cm_1140.jpg_checked_256_256_cropped/4/pocari-cm_1140.jpg_checked_256_256_30_30_0_470_140.jpg,4
108,/home/daisuke/Workplace/Count-Annotator2/pocari-cm.mp4_output/pocari-cm_1140.jpg_checked_256_256_cropped/6/pocari-cm_1140.jpg_checked_256_256_30_30_0_500_140.jpg,6
109,/home/daisuke/Workplace/Count-Annotator2/pocari-cm.mp4_output/pocari-cm_1140.jpg_checked_256_256_cropped/6/pocari-cm_1140.jpg_checked_256_256_30_30_0_530_140.jpg,6
110,/home/daisuke/Workplace/Count-Annotator2/pocari-cm.mp4_output/pocari-cm_1140.jpg_checked_256_256_cropped/7/pocari-cm_1140.jpg_checked_256_256_30_30_0_560_140.jpg,7
111,/home/daisuke/Workplace/Count-Annotator2/pocari-cm.mp4_output/pocari-cm_1140.jpg_checked_256_256_cropped/9/pocari-cm_1140.jpg_checked_256_256_30_30_0_590_140.jpg,9
112,/home/daisuke/Workplace/Count-Annotator2/pocari-cm.mp4_output/pocari-cm_1140.jpg_checked_256_256_cropped/10/pocari-cm_1140.jpg_checked_256_256_30_30_0_620_140.jpg,10
113,/home/daisuke/Workplace/Count-Annotator2/pocari-cm.mp4_output/pocari-cm_1140.jpg_checked_256_256_cropped/9/pocari-cm_1140.jpg_checked_256_256_30_30_0_650_140.jpg,9
114,/home/daisuke/Workplace/Count-Annotator2/pocari-cm.mp4_output/pocari-cm_1140.jpg_checked_256_256_cropped/10/pocari-cm_1140.jpg_checked_256_256_30_30_0_680_140.jpg,10
115,/home/daisuke/Workplace/Count-Annotator2/pocari-cm.mp4_output/pocari-cm_1140.jpg_checked_256_256_cropped/9/pocari-cm_1140.jpg_checked_256_256_30_30_0_710_140.jpg,9
116,/home/daisuke/Workplace/Count-Annotator2/pocari-cm.mp4_output/pocari-cm_1140.jpg_checked_256_256_cropped/9/pocari-cm_1140.jpg_checked_256_256_30_30_0_740_140.jpg,9
117,/home/daisuke/Workplace/Count-Annotator2/pocari-cm.mp4_output/pocari-cm_1140.jpg_checked_256_256_cropped/11/pocari-cm_1140.jpg_checked_256_256_30_30_0_770_140.jpg,11
118,/home/daisuke/Workplace/Count-Annotator2/pocari-cm.mp4_output/pocari-cm_1140.jpg_checked_256_256_cropped/11/pocari-cm_1140.jpg_checked_256_256_30_30_0_800_140.jpg,11
119,/home/daisuke/Workplace/Count-Annotator2/pocari-cm.mp4_output/pocari-cm_1140.jpg_checked_256_256_cropped/11/pocari-cm_1140.jpg_checked_256_256_30_30_0_830_140.jpg,11
120,/home/daisuke/Workplace/Count-Annotator2/pocari-cm.mp4_output/pocari-cm_1140.jpg_checked_256_256_cropped/10/pocari-cm_1140.jpg_checked_256_256_30_30_0_860_140.jpg,10
121,/home/daisuke/Workplace/Count-Annotator2/pocari-cm.mp4_output/pocari-cm_1140.jpg_checked_256_256_cropped/10/pocari-cm_1140.jpg_checked_256_256_30_30_0_890_140.jpg,10
122,/home/daisuke/Workplace/Count-Annotator2/pocari-cm.mp4_output/pocari-cm_1140.jpg_checked_256_256_cropped/8/pocari-cm_1140.jpg_checked_256_256_30_30_0_920_140.jpg,8
123,/home/daisuke/Workplace/Count-Annotator2/pocari-cm.mp4_output/pocari-cm_1140.jpg_checked_256_256_cropped/9/pocari-cm_1140.jpg_checked_256_256_30_30_0_950_140.jpg,9
124,/home/daisuke/Workplace/Count-Annotator2/pocari-cm.mp4_output/pocari-cm_1140.jpg_checked_256_256_cropped/12/pocari-cm_1140.jpg_checked_256_256_30_30_0_50_170.jpg,12
125,/home/daisuke/Workplace/Count-Annotator2/pocari-cm.mp4_output/pocari-cm_1140.jpg_checked_256_256_cropped/11/pocari-cm_1140.jpg_checked_256_256_30_30_0_80_170.jpg,11
126,/home/daisuke/Workplace/Count-Annotator2/pocari-cm.mp4_output/pocari-cm_1140.jpg_checked_256_256_cropped/11/pocari-cm_1140.jpg_checked_256_256_30_30_0_110_170.jpg,11
127,/home/daisuke/Workplace/Count-Annotator2/pocari-cm.mp4_output/pocari-cm_1140.jpg_checked_256_256_cropped/10/pocari-cm_1140.jpg_checked_256_256_30_30_0_140_170.jpg,10
128,/home/daisuke/Workplace/Count-Annotator2/pocari-cm.mp4_output/pocari-cm_1140.jpg_checked_256_256_cropped/12/pocari-cm_1140.jpg_checked_256_256_30_30_0_170_170.jpg,12
129,/home/daisuke/Workplace/Count-Annotator2/pocari-cm.mp4_output/pocari-cm_1140.jpg_checked_256_256_cropped/11/pocari-cm_1140.jpg_checked_256_256_30_30_0_200_170.jpg,11
130,/home/daisuke/Workplace/Count-Annotator2/pocari-cm.mp4_output/pocari-cm_1140.jpg_checked_256_256_cropped/9/pocari-cm_1140.jpg_checked_256_256_30_30_0_230_170.jpg,9
131,/home/daisuke/Workplace/Count-Annotator2/pocari-cm.mp4_output/pocari-cm_1140.jpg_checked_256_256_cropped/6/pocari-cm_1140.jpg_checked_256_256_30_30_0_260_170.jpg,6
132,/home/daisuke/Workplace/Count-Annotator2/pocari-cm.mp4_output/pocari-cm_1140.jpg_checked_256_256_cropped/5/pocari-cm_1140.jpg_checked_256_256_30_30_0_290_170.jpg,5
133,/home/daisuke/Workplace/Count-Annotator2/pocari-cm.mp4_output/pocari-cm_1140.jpg_checked_256_256_cropped/4/pocari-cm_1140.jpg_checked_256_256_30_30_0_320_170.jpg,4
134,/home/daisuke/Workplace/Count-Annotator2/pocari-cm.mp4_output/pocari-cm_1140.jpg_checked_256_256_cropped/3/pocari-cm_1140.jpg_checked_256_256_30_30_0_350_170.jpg,3
135,/home/daisuke/Workplace/Count-Annotator2/pocari-cm.mp4_output/pocari-cm_1140.jpg_checked_256_256_cropped/4/pocari-cm_1140.jpg_checked_256_256_30_30_0_380_170.jpg,4
136,/home/daisuke/Workplace/Count-Annotator2/pocari-cm.mp4_output/pocari-cm_1140.jpg_checked_256_256_cropped/4/pocari-cm_1140.jpg_checked_256_256_30_30_0_410_170.jpg,4
137,/home/daisuke/Workplace/Count-Annotator2/pocari-cm.mp4_output/pocari-cm_1140.jpg_checked_256_256_cropped/4/pocari-cm_1140.jpg_checked_256_256_30_30_0_440_170.jpg,4
138,/home/daisuke/Workplace/Count-Annotator2/pocari-cm.mp4_output/pocari-cm_1140.jpg_checked_256_256_cropped/4/pocari-cm_1140.jpg_checked_256_256_30_30_0_470_170.jpg,4
139,/home/daisuke/Workplace/Count-Annotator2/pocari-cm.mp4_output/pocari-cm_1140.jpg_checked_256_256_cropped/6/pocari-cm_1140.jpg_checked_256_256_30_30_0_500_170.jpg,6
140,/home/daisuke/Workplace/Count-Annotator2/pocari-cm.mp4_output/pocari-cm_1140.jpg_checked_256_256_cropped/6/pocari-cm_1140.jpg_checked_256_256_30_30_0_530_170.jpg,6
141,/home/daisuke/Workplace/Count-Annotator2/pocari-cm.mp4_output/pocari-cm_1140.jpg_checked_256_256_cropped/7/pocari-cm_1140.jpg_checked_256_256_30_30_0_560_170.jpg,7
142,/home/daisuke/Workplace/Count-Annotator2/pocari-cm.mp4_output/pocari-cm_1140.jpg_checked_256_256_cropped/9/pocari-cm_1140.jpg_checked_256_256_30_30_0_590_170.jpg,9
143,/home/daisuke/Workplace/Count-Annotator2/pocari-cm.mp4_output/pocari-cm_1140.jpg_checked_256_256_cropped/10/pocari-cm_1140.jpg_checked_256_256_30_30_0_620_170.jpg,10
144,/home/daisuke/Workplace/Count-Annotator2/pocari-cm.mp4_output/pocari-cm_1140.jpg_checked_256_256_cropped/9/pocari-cm_1140.jpg_checked_256_256_30_30_0_650_170.jpg,9
145,/home/daisuke/Workplace/Count-Annotator2/pocari-cm.mp4_output/pocari-cm_1140.jpg_checked_256_256_cropped/10/pocari-cm_1140.jpg_checked_256_256_30_30_0_680_170.jpg,10
146,/home/daisuke/Workplace/Count-Annotator2/pocari-cm.mp4_output/pocari-cm_1140.jpg_checked_256_256_cropped/9/pocari-cm_1140.jpg_checked_256_256_30_30_0_710_170.jpg,9
147,/home/daisuke/Workplace/Count-Annotator2/pocari-cm.mp4_output/pocari-cm_1140.jpg_checked_256_256_cropped/9/pocari-cm_1140.jpg_checked_256_256_30_30_0_740_170.jpg,9
148,/home/daisuke/Workplace/Count-Annotator2/pocari-cm.mp4_output/pocari-cm_1140.jpg_checked_256_256_cropped/11/pocari-cm_1140.jpg_checked_256_256_30_30_0_770_170.jpg,11
149,/home/daisuke/Workplace/Count-Annotator2/pocari-cm.mp4_output/pocari-cm_1140.jpg_checked_256_256_cropped/11/pocari-cm_1140.jpg_checked_256_256_30_30_0_800_170.jpg,11
150,/home/daisuke/Workplace/Count-Annotator2/pocari-cm.mp4_output/pocari-cm_1140.jpg_checked_256_256_cropped/11/pocari-cm_1140.jpg_checked_256_256_30_30_0_830_170.jpg,11
151,/home/daisuke/Workplace/Count-Annotator2/pocari-cm.mp4_output/pocari-cm_1140.jpg_checked_256_256_cropped/10/pocari-cm_1140.jpg_checked_256_256_30_30_0_860_170.jpg,10
152,/home/daisuke/Workplace/Count-Annotator2/pocari-cm.mp4_output/pocari-cm_1140.jpg_checked_256_256_cropped/10/pocari-cm_1140.jpg_checked_256_256_30_30_0_890_170.jpg,10
153,/home/daisuke/Workplace/Count-Annotator2/pocari-cm.mp4_output/pocari-cm_1140.jpg_checked_256_256_cropped/8/pocari-cm_1140.jpg_checked_256_256_30_30_0_920_170.jpg,8
154,/home/daisuke/Workplace/Count-Annotator2/pocari-cm.mp4_output/pocari-cm_1140.jpg_checked_256_256_cropped/9/pocari-cm_1140.jpg_checked_256_256_30_30_0_950_170.jpg,9
155,/home/daisuke/Workplace/Count-Annotator2/pocari-cm.mp4_output/pocari-cm_1140.jpg_checked_256_256_cropped/11/pocari-cm_1140.jpg_checked_256_256_30_30_0_50_200.jpg,11
156,/home/daisuke/Workplace/Count-Annotator2/pocari-cm.mp4_output/pocari-cm_1140.jpg_checked_256_256_cropped/10/pocari-cm_1140.jpg_checked_256_256_30_30_0_80_200.jpg,10
157,/home/daisuke/Workplace/Count-Annotator2/pocari-cm.mp4_output/pocari-cm_1140.jpg_checked_256_256_cropped/9/pocari-cm_1140.jpg_checked_256_256_30_30_0_110_200.jpg,9
158,/home/daisuke/Workplace/Count-Annotator2/pocari-cm.mp4_output/pocari-cm_1140.jpg_checked_256_256_cropped/8/pocari-cm_1140.jpg_checked_256_256_30_30_0_140_200.jpg,8
159,/home/daisuke/Workplace/Count-Annotator2/pocari-cm.mp4_output/pocari-cm_1140.jpg_checked_256_256_cropped/9/pocari-cm_1140.jpg_checked_256_256_30_30_0_170_200.jpg,9
160,/home/daisuke/Workplace/Count-Annotator2/pocari-cm.mp4_output/pocari-cm_1140.jpg_checked_256_256_cropped/8/pocari-cm_1140.jpg_checked_256_256_30_30_0_200_200.jpg,8
161,/home/daisuke/Workplace/Count-Annotator2/pocari-cm.mp4_output/pocari-cm_1140.jpg_checked_256_256_cropped/6/pocari-cm_1140.jpg_checked_256_256_30_30_0_230_200.jpg,6
162,/home/daisuke/Workplace/Count-Annotator2/pocari-cm.mp4_output/pocari-cm_1140.jpg_checked_256_256_cropped/4/pocari-cm_1140.jpg_checked_256_256_30_30_0_260_200.jpg,4
163,/home/daisuke/Workplace/Count-Annotator2/pocari-cm.mp4_output/pocari-cm_1140.jpg_checked_256_256_cropped/2/pocari-cm_1140.jpg_checked_256_256_30_30_0_290_200.jpg,2
164,/home/daisuke/Workplace/Count-Annotator2/pocari-cm.mp4_output/pocari-cm_1140.jpg_checked_256_256_cropped/1/pocari-cm_1140.jpg_checked_256_256_30_30_0_320_200.jpg,1
165,/home/daisuke/Workplace/Count-Annotator2/pocari-cm.mp4_output/pocari-cm_1140.jpg_checked_256_256_cropped/1/pocari-cm_1140.jpg_checked_256_256_30_30_0_350_200.jpg,1
166,/home/daisuke/Workplace/Count-Annotator2/pocari-cm.mp4_output/pocari-cm_1140.jpg_checked_256_256_cropped/1/pocari-cm_1140.jpg_checked_256_256_30_30_0_380_200.jpg,1
167,/home/daisuke/Workplace/Count-Annotator2/pocari-cm.mp4_output/pocari-cm_1140.jpg_checked_256_256_cropped/2/pocari-cm_1140.jpg_checked_256_256_30_30_0_410_200.jpg,2
168,/home/daisuke/Workplace/Count-Annotator2/pocari-cm.mp4_output/pocari-cm_1140.jpg_checked_256_256_cropped/2/pocari-cm_1140.jpg_checked_256_256_30_30_0_440_200.jpg,2
169,/home/daisuke/Workplace/Count-Annotator2/pocari-cm.mp4_output/pocari-cm_1140.jpg_checked_256_256_cropped/2/pocari-cm_1140.jpg_checked_256_256_30_30_0_470_200.jpg,2
170,/home/daisuke/Workplace/Count-Annotator2/pocari-cm.mp4_output/pocari-cm_1140.jpg_checked_256_256_cropped/2/pocari-cm_1140.jpg_checked_256_256_30_30_0_500_200.jpg,2
171,/home/daisuke/Workplace/Count-Annotator2/pocari-cm.mp4_output/pocari-cm_1140.jpg_checked_256_256_cropped/2/pocari-cm_1140.jpg_checked_256_256_30_30_0_530_200.jpg,2
172,/home/daisuke/Workplace/Count-Annotator2/pocari-cm.mp4_output/pocari-cm_1140.jpg_checked_256_256_cropped/3/pocari-cm_1140.jpg_checked_256_256_30_30_0_560_200.jpg,3
173,/home/daisuke/Workplace/Count-Annotator2/pocari-cm.mp4_output/pocari-cm_1140.jpg_checked_256_256_cropped/3/pocari-cm_1140.jpg_checked_256_256_30_30_0_590_200.jpg,3
174,/home/daisuke/Workplace/Count-Annotator2/pocari-cm.mp4_output/pocari-cm_1140.jpg_checked_256_256_cropped/3/pocari-cm_1140.jpg_checked_256_256_30_30_0_620_200.jpg,3
175,/home/daisuke/Workplace/Count-Annotator2/pocari-cm.mp4_output/pocari-cm_1140.jpg_checked_256_256_cropped/2/pocari-cm_1140.jpg_checked_256_256_30_30_0_650_200.jpg,2
176,/home/daisuke/Workplace/Count-Annotator2/pocari-cm.mp4_output/pocari-cm_1140.jpg_checked_256_256_cropped/2/pocari-cm_1140.jpg_checked_256_256_30_30_0_680_200.jpg,2
177,/home/daisuke/Workplace/Count-Annotator2/pocari-cm.mp4_output/pocari-cm_1140.jpg_checked_256_256_cropped/1/pocari-cm_1140.jpg_checked_256_256_30_30_0_710_200.jpg,1
178,/home/daisuke/Workplace/Count-Annotator2/pocari-cm.mp4_output/pocari-cm_1140.jpg_checked_256_256_cropped/2/pocari-cm_1140.jpg_checked_256_256_30_30_0_740_200.jpg,2
179,/home/daisuke/Workplace/Count-Annotator2/pocari-cm.mp4_output/pocari-cm_1140.jpg_checked_256_256_cropped/3/pocari-cm_1140.jpg_checked_256_256_30_30_0_770_200.jpg,3
180,/home/daisuke/Workplace/Count-Annotator2/pocari-cm.mp4_output/pocari-cm_1140.jpg_checked_256_256_cropped/4/pocari-cm_1140.jpg_checked_256_256_30_30_0_800_200.jpg,4
181,/home/daisuke/Workplace/Count-Annotator2/pocari-cm.mp4_output/pocari-cm_1140.jpg_checked_256_256_cropped/3/pocari-cm_1140.jpg_checked_256_256_30_30_0_830_200.jpg,3
182,/home/daisuke/Workplace/Count-Annotator2/pocari-cm.mp4_output/pocari-cm_1140.jpg_checked_256_256_cropped/3/pocari-cm_1140.jpg_checked_256_256_30_30_0_860_200.jpg,3
183,/home/daisuke/Workplace/Count-Annotator2/pocari-cm.mp4_output/pocari-cm_1140.jpg_checked_256_256_cropped/4/pocari-cm_1140.jpg_checked_256_256_30_30_0_890_200.jpg,4
184,/home/daisuke/Workplace/Count-Annotator2/pocari-cm.mp4_output/pocari-cm_1140.jpg_checked_256_256_cropped/4/pocari-cm_1140.jpg_checked_256_256_30_30_0_920_200.jpg,4
185,/home/daisuke/Workplace/Count-Annotator2/pocari-cm.mp4_output/pocari-cm_1140.jpg_checked_256_256_cropped/5/pocari-cm_1140.jpg_checked_256_256_30_30_0_950_200.jpg,5
186,/home/daisuke/Workplace/Count-Annotator2/pocari-cm.mp4_output/pocari-cm_1140.jpg_checked_256_256_cropped/3/pocari-cm_1140.jpg_checked_256_256_30_30_0_50_230.jpg,3
187,/home/daisuke/Workplace/Count-Annotator2/pocari-cm.mp4_output/pocari-cm_1140.jpg_checked_256_256_cropped/3/pocari-cm_1140.jpg_checked_256_256_30_30_0_80_230.jpg,3
188,/home/daisuke/Workplace/Count-Annotator2/pocari-cm.mp4_output/pocari-cm_1140.jpg_checked_256_256_cropped/2/pocari-cm_1140.jpg_checked_256_256_30_30_0_110_230.jpg,2
189,/home/daisuke/Workplace/Count-Annotator2/pocari-cm.mp4_output/pocari-cm_1140.jpg_checked_256_256_cropped/1/pocari-cm_1140.jpg_checked_256_256_30_30_0_140_230.jpg,1
190,/home/daisuke/Workplace/Count-Annotator2/pocari-cm.mp4_output/pocari-cm_1140.jpg_checked_256_256_cropped/1/pocari-cm_1140.jpg_checked_256_256_30_30_0_170_230.jpg,1
191,/home/daisuke/Workplace/Count-Annotator2/pocari-cm.mp4_output/pocari-cm_1140.jpg_checked_256_256_cropped/1/pocari-cm_1140.jpg_checked_256_256_30_30_0_200_230.jpg,1
192,/home/daisuke/Workplace/Count-Annotator2/pocari-cm.mp4_output/pocari-cm_1140.jpg_checked_256_256_cropped/0/pocari-cm_1140.jpg_checked_256_256_30_30_0_230_230.jpg,0
193,/home/daisuke/Workplace/Count-Annotator2/pocari-cm.mp4_output/pocari-cm_1140.jpg_checked_256_256_cropped/0/pocari-cm_1140.jpg_checked_256_256_30_30_0_260_230.jpg,0
194,/home/daisuke/Workplace/Count-Annotator2/pocari-cm.mp4_output/pocari-cm_1140.jpg_checked_256_256_cropped/0/pocari-cm_1140.jpg_checked_256_256_30_30_0_290_230.jpg,0
195,/home/daisuke/Workplace/Count-Annotator2/pocari-cm.mp4_output/pocari-cm_1140.jpg_checked_256_256_cropped/0/pocari-cm_1140.jpg_checked_256_256_30_30_0_320_230.jpg,0
196,/home/daisuke/Workplace/Count-Annotator2/pocari-cm.mp4_output/pocari-cm_1140.jpg_checked_256_256_cropped/0/pocari-cm_1140.jpg_checked_256_256_30_30_0_350_230.jpg,0
197,/home/daisuke/Workplace/Count-Annotator2/pocari-cm.mp4_output/pocari-cm_1140.jpg_checked_256_256_cropped/0/pocari-cm_1140.jpg_checked_256_256_30_30_0_380_230.jpg,0
198,/home/daisuke/Workplace/Count-Annotator2/pocari-cm.mp4_output/pocari-cm_1140.jpg_checked_256_256_cropped/0/pocari-cm_1140.jpg_checked_256_256_30_30_0_410_230.jpg,0
199,/home/daisuke/Workplace/Count-Annotator2/pocari-cm.mp4_output/pocari-cm_1140.jpg_checked_256_256_cropped/0/pocari-cm_1140.jpg_checked_256_256_30_30_0_440_230.jpg,0
200,/home/daisuke/Workplace/Count-Annotator2/pocari-cm.mp4_output/pocari-cm_1140.jpg_checked_256_256_cropped/0/pocari-cm_1140.jpg_checked_256_256_30_30_0_470_230.jpg,0
201,/home/daisuke/Workplace/Count-Annotator2/pocari-cm.mp4_output/pocari-cm_1140.jpg_checked_256_256_cropped/0/pocari-cm_1140.jpg_checked_256_256_30_30_0_500_230.jpg,0
202,/home/daisuke/Workplace/Count-Annotator2/pocari-cm.mp4_output/pocari-cm_1140.jpg_checked_256_256_cropped/0/pocari-cm_1140.jpg_checked_256_256_30_30_0_530_230.jpg,0
203,/home/daisuke/Workplace/Count-Annotator2/pocari-cm.mp4_output/pocari-cm_1140.jpg_checked_256_256_cropped/0/pocari-cm_1140.jpg_checked_256_256_30_30_0_560_230.jpg,0
204,/home/daisuke/Workplace/Count-Annotator2/pocari-cm.mp4_output/pocari-cm_1140.jpg_checked_256_256_cropped/0/pocari-cm_1140.jpg_checked_256_256_30_30_0_590_230.jpg,0
205,/home/daisuke/Workplace/Count-Annotator2/pocari-cm.mp4_output/pocari-cm_1140.jpg_checked_256_256_cropped/0/pocari-cm_1140.jpg_checked_256_256_30_30_0_620_230.jpg,0
206,/home/daisuke/Workplace/Count-Annotator2/pocari-cm.mp4_output/pocari-cm_1140.jpg_checked_256_256_cropped/0/pocari-cm_1140.jpg_checked_256_256_30_30_0_650_230.jpg,0
207,/home/daisuke/Workplace/Count-Annotator2/pocari-cm.mp4_output/pocari-cm_1140.jpg_checked_256_256_cropped/0/pocari-cm_1140.jpg_checked_256_256_30_30_0_680_230.jpg,0
208,/home/daisuke/Workplace/Count-Annotator2/pocari-cm.mp4_output/pocari-cm_1140.jpg_checked_256_256_cropped/0/pocari-cm_1140.jpg_checked_256_256_30_30_0_710_230.jpg,0
209,/home/daisuke/Workplace/Count-Annotator2/pocari-cm.mp4_output/pocari-cm_1140.jpg_checked_256_256_cropped/0/pocari-cm_1140.jpg_checked_256_256_30_30_0_740_230.jpg,0
210,/home/daisuke/Workplace/Count-Annotator2/pocari-cm.mp4_output/pocari-cm_1140.jpg_checked_256_256_cropped/1/pocari-cm_1140.jpg_checked_256_256_30_30_0_770_230.jpg,1
211,/home/daisuke/Workplace/Count-Annotator2/pocari-cm.mp4_output/pocari-cm_1140.jpg_checked_256_256_cropped/1/pocari-cm_1140.jpg_checked_256_256_30_30_0_800_230.jpg,1
212,/home/daisuke/Workplace/Count-Annotator2/pocari-cm.mp4_output/pocari-cm_1140.jpg_checked_256_256_cropped/1/pocari-cm_1140.jpg_checked_256_256_30_30_0_830_230.jpg,1
213,/home/daisuke/Workplace/Count-Annotator2/pocari-cm.mp4_output/pocari-cm_1140.jpg_checked_256_256_cropped/1/pocari-cm_1140.jpg_checked_256_256_30_30_0_860_230.jpg,1
214,/home/daisuke/Workplace/Count-Annotator2/pocari-cm.mp4_output/pocari-cm_1140.jpg_checked_256_256_cropped/1/pocari-cm_1140.jpg_checked_256_256_30_30_0_890_230.jpg,1
215,/home/daisuke/Workplace/Count-Annotator2/pocari-cm.mp4_output/pocari-cm_1140.jpg_checked_256_256_cropped/1/pocari-cm_1140.jpg_checked_256_256_30_30_0_920_230.jpg,1
216,/home/daisuke/Workplace/Count-Annotator2/pocari-cm.mp4_output/pocari-cm_1140.jpg_checked_256_256_cropped/1/pocari-cm_1140.jpg_checked_256_256_30_30_0_950_230.jpg,1
217,/home/daisuke/Workplace/Count-Annotator2/pocari-cm.mp4_output/pocari-cm_1140.jpg_checked_256_256_cropped/0/pocari-cm_1140.jpg_checked_256_256_30_30_0_50_260.jpg,0
218,/home/daisuke/Workplace/Count-Annotator2/pocari-cm.mp4_output/pocari-cm_1140.jpg_checked_256_256_cropped/0/pocari-cm_1140.jpg_checked_256_256_30_30_0_80_260.jpg,0
219,/home/daisuke/Workplace/Count-Annotator2/pocari-cm.mp4_output/pocari-cm_1140.jpg_checked_256_256_cropped/0/pocari-cm_1140.jpg_checked_256_256_30_30_0_110_260.jpg,0
220,/home/daisuke/Workplace/Count-Annotator2/pocari-cm.mp4_output/pocari-cm_1140.jpg_checked_256_256_cropped/0/pocari-cm_1140.jpg_checked_256_256_30_30_0_140_260.jpg,0
221,/home/daisuke/Workplace/Count-Annotator2/pocari-cm.mp4_output/pocari-cm_1140.jpg_checked_256_256_cropped/0/pocari-cm_1140.jpg_checked_256_256_30_30_0_170_260.jpg,0
222,/home/daisuke/Workplace/Count-Annotator2/pocari-cm.mp4_output/pocari-cm_1140.jpg_checked_256_256_cropped/0/pocari-cm_1140.jpg_checked_256_256_30_30_0_200_260.jpg,0
223,/home/daisuke/Workplace/Count-Annotator2/pocari-cm.mp4_output/pocari-cm_1140.jpg_checked_256_256_cropped/0/pocari-cm_1140.jpg_checked_256_256_30_30_0_230_260.jpg,0
224,/home/daisuke/Workplace/Count-Annotator2/pocari-cm.mp4_output/pocari-cm_1140.jpg_checked_256_256_cropped/0/pocari-cm_1140.jpg_checked_256_256_30_30_0_260_260.jpg,0
225,/home/daisuke/Workplace/Count-Annotator2/pocari-cm.mp4_output/pocari-cm_1140.jpg_checked_256_256_cropped/0/pocari-cm_1140.jpg_checked_256_256_30_30_0_290_260.jpg,0
226,/home/daisuke/Workplace/Count-Annotator2/pocari-cm.mp4_output/pocari-cm_1140.jpg_checked_256_256_cropped/0/pocari-cm_1140.jpg_checked_256_256_30_30_0_320_260.jpg,0
227,/home/daisuke/Workplace/Count-Annotator2/pocari-cm.mp4_output/pocari-cm_1140.jpg_checked_256_256_cropped/0/pocari-cm_1140.jpg_checked_256_256_30_30_0_350_260.jpg,0
228,/home/daisuke/Workplace/Count-Annotator2/pocari-cm.mp4_output/pocari-cm_1140.jpg_checked_256_256_cropped/0/pocari-cm_1140.jpg_checked_256_256_30_30_0_380_260.jpg,0
229,/home/daisuke/Workplace/Count-Annotator2/pocari-cm.mp4_output/pocari-cm_1140.jpg_checked_256_256_cropped/0/pocari-cm_1140.jpg_checked_256_256_30_30_0_410_260.jpg,0
230,/home/daisuke/Workplace/Count-Annotator2/pocari-cm.mp4_output/pocari-cm_1140.jpg_checked_256_256_cropped/0/pocari-cm_1140.jpg_checked_256_256_30_30_0_440_260.jpg,0
231,/home/daisuke/Workplace/Count-Annotator2/pocari-cm.mp4_output/pocari-cm_1140.jpg_checked_256_256_cropped/0/pocari-cm_1140.jpg_checked_256_256_30_30_0_470_260.jpg,0
232,/home/daisuke/Workplace/Count-Annotator2/pocari-cm.mp4_output/pocari-cm_1140.jpg_checked_256_256_cropped/0/pocari-cm_1140.jpg_checked_256_256_30_30_0_500_260.jpg,0
233,/home/daisuke/Workplace/Count-Annotator2/pocari-cm.mp4_output/pocari-cm_1140.jpg_checked_256_256_cropped/0/pocari-cm_1140.jpg_checked_256_256_30_30_0_530_260.jpg,0
234,/home/daisuke/Workplace/Count-Annotator2/pocari-cm.mp4_output/pocari-cm_1140.jpg_checked_256_256_cropped/0/pocari-cm_1140.jpg_checked_256_256_30_30_0_560_260.jpg,0
235,/home/daisuke/Workplace/Count-Annotator2/pocari-cm.mp4_output/pocari-cm_1140.jpg_checked_256_256_cropped/0/pocari-cm_1140.jpg_checked_256_256_30_30_0_590_260.jpg,0
236,/home/daisuke/Workplace/Count-Annotator2/pocari-cm.mp4_output/pocari-cm_1140.jpg_checked_256_256_cropped/0/pocari-cm_1140.jpg_checked_256_256_30_30_0_620_260.jpg,0
237,/home/daisuke/Workplace/Count-Annotator2/pocari-cm.mp4_output/pocari-cm_1140.jpg_checked_256_256_cropped/0/pocari-cm_1140.jpg_checked_256_256_30_30_0_650_260.jpg,0
238,/home/daisuke/Workplace/Count-Annotator2/pocari-cm.mp4_output/pocari-cm_1140.jpg_checked_256_256_cropped/0/pocari-cm_1140.jpg_checked_256_256_30_30_0_680_260.jpg,0
239,/home/daisuke/Workplace/Count-Annotator2/pocari-cm.mp4_output/pocari-cm_1140.jpg_checked_256_256_cropped/0/pocari-cm_1140.jpg_checked_256_256_30_30_0_710_260.jpg,0
240,/home/daisuke/Workplace/Count-Annotator2/pocari-cm.mp4_output/pocari-cm_1140.jpg_checked_256_256_cropped/0/pocari-cm_1140.jpg_checked_256_256_30_30_0_740_260.jpg,0
241,/home/daisuke/Workplace/Count-Annotator2/pocari-cm.mp4_output/pocari-cm_1140.jpg_checked_256_256_cropped/0/pocari-cm_1140.jpg_checked_256_256_30_30_0_770_260.jpg,0
242,/home/daisuke/Workplace/Count-Annotator2/pocari-cm.mp4_output/pocari-cm_1140.jpg_checked_256_256_cropped/0/pocari-cm_1140.jpg_checked_256_256_30_30_0_800_260.jpg,0
243,/home/daisuke/Workplace/Count-Annotator2/pocari-cm.mp4_output/pocari-cm_1140.jpg_checked_256_256_cropped/0/pocari-cm_1140.jpg_checked_256_256_30_30_0_830_260.jpg,0
244,/home/daisuke/Workplace/Count-Annotator2/pocari-cm.mp4_output/pocari-cm_1140.jpg_checked_256_256_cropped/0/pocari-cm_1140.jpg_checked_256_256_30_30_0_860_260.jpg,0
245,/home/daisuke/Workplace/Count-Annotator2/pocari-cm.mp4_output/pocari-cm_1140.jpg_checked_256_256_cropped/0/pocari-cm_1140.jpg_checked_256_256_30_30_0_890_260.jpg,0
246,/home/daisuke/Workplace/Count-Annotator2/pocari-cm.mp4_output/pocari-cm_1140.jpg_checked_256_256_cropped/0/pocari-cm_1140.jpg_checked_256_256_30_30_0_920_260.jpg,0
247,/home/daisuke/Workplace/Count-Annotator2/pocari-cm.mp4_output/pocari-cm_1140.jpg_checked_256_256_cropped/0/pocari-cm_1140.jpg_checked_256_256_30_30_0_950_260.jpg,0
248,/home/daisuke/Workplace/Count-Annotator2/pocari-cm.mp4_output/pocari-cm_1140.jpg_checked_256_256_cropped/0/pocari-cm_1140.jpg_checked_256_256_30_30_0_50_290.jpg,0
249,/home/daisuke/Workplace/Count-Annotator2/pocari-cm.mp4_output/pocari-cm_1140.jpg_checked_256_256_cropped/0/pocari-cm_1140.jpg_checked_256_256_30_30_0_80_290.jpg,0
250,/home/daisuke/Workplace/Count-Annotator2/pocari-cm.mp4_output/pocari-cm_1140.jpg_checked_256_256_cropped/0/pocari-cm_1140.jpg_checked_256_256_30_30_0_110_290.jpg,0
251,/home/daisuke/Workplace/Count-Annotator2/pocari-cm.mp4_output/pocari-cm_1140.jpg_checked_256_256_cropped/0/pocari-cm_1140.jpg_checked_256_256_30_30_0_140_290.jpg,0
252,/home/daisuke/Workplace/Count-Annotator2/pocari-cm.mp4_output/pocari-cm_1140.jpg_checked_256_256_cropped/0/pocari-cm_1140.jpg_checked_256_256_30_30_0_170_290.jpg,0
253,/home/daisuke/Workplace/Count-Annotator2/pocari-cm.mp4_output/pocari-cm_1140.jpg_checked_256_256_cropped/0/pocari-cm_1140.jpg_checked_256_256_30_30_0_200_290.jpg,0
254,/home/daisuke/Workplace/Count-Annotator2/pocari-cm.mp4_output/pocari-cm_1140.jpg_checked_256_256_cropped/0/pocari-cm_1140.jpg_checked_256_256_30_30_0_230_290.jpg,0
255,/home/daisuke/Workplace/Count-Annotator2/pocari-cm.mp4_output/pocari-cm_1140.jpg_checked_256_256_cropped/0/pocari-cm_1140.jpg_checked_256_256_30_30_0_260_290.jpg,0
256,/home/daisuke/Workplace/Count-Annotator2/pocari-cm.mp4_output/pocari-cm_1140.jpg_checked_256_256_cropped/0/pocari-cm_1140.jpg_checked_256_256_30_30_0_290_290.jpg,0
257,/home/daisuke/Workplace/Count-Annotator2/pocari-cm.mp4_output/pocari-cm_1140.jpg_checked_256_256_cropped/0/pocari-cm_1140.jpg_checked_256_256_30_30_0_320_290.jpg,0
258,/home/daisuke/Workplace/Count-Annotator2/pocari-cm.mp4_output/pocari-cm_1140.jpg_checked_256_256_cropped/0/pocari-cm_1140.jpg_checked_256_256_30_30_0_350_290.jpg,0
259,/home/daisuke/Workplace/Count-Annotator2/pocari-cm.mp4_output/pocari-cm_1140.jpg_checked_256_256_cropped/0/pocari-cm_1140.jpg_checked_256_256_30_30_0_380_290.jpg,0
260,/home/daisuke/Workplace/Count-Annotator2/pocari-cm.mp4_output/pocari-cm_1140.jpg_checked_256_256_cropped/0/pocari-cm_1140.jpg_checked_256_256_30_30_0_410_290.jpg,0
261,/home/daisuke/Workplace/Count-Annotator2/pocari-cm.mp4_output/pocari-cm_1140.jpg_checked_256_256_cropped/0/pocari-cm_1140.jpg_checked_256_256_30_30_0_440_290.jpg,0
262,/home/daisuke/Workplace/Count-Annotator2/pocari-cm.mp4_output/pocari-cm_1140.jpg_checked_256_256_cropped/0/pocari-cm_1140.jpg_checked_256_256_30_30_0_470_290.jpg,0
263,/home/daisuke/Workplace/Count-Annotator2/pocari-cm.mp4_output/pocari-cm_1140.jpg_checked_256_256_cropped/0/pocari-cm_1140.jpg_checked_256_256_30_30_0_500_290.jpg,0
264,/home/daisuke/Workplace/Count-Annotator2/pocari-cm.mp4_output/pocari-cm_1140.jpg_checked_256_256_cropped/0/pocari-cm_1140.jpg_checked_256_256_30_30_0_530_290.jpg,0
265,/home/daisuke/Workplace/Count-Annotator2/pocari-cm.mp4_output/pocari-cm_1140.jpg_checked_256_256_cropped/0/pocari-cm_1140.jpg_checked_256_256_30_30_0_560_290.jpg,0
266,/home/daisuke/Workplace/Count-Annotator2/pocari-cm.mp4_output/pocari-cm_1140.jpg_checked_256_256_cropped/0/pocari-cm_1140.jpg_checked_256_256_30_30_0_590_290.jpg,0
267,/home/daisuke/Workplace/Count-Annotator2/pocari-cm.mp4_output/pocari-cm_1140.jpg_checked_256_256_cropped/0/pocari-cm_1140.jpg_checked_256_256_30_30_0_620_290.jpg,0
268,/home/daisuke/Workplace/Count-Annotator2/pocari-cm.mp4_output/pocari-cm_1140.jpg_checked_256_256_cropped/0/pocari-cm_1140.jpg_checked_256_256_30_30_0_650_290.jpg,0
269,/home/daisuke/Workplace/Count-Annotator2/pocari-cm.mp4_output/pocari-cm_1140.jpg_checked_256_256_cropped/0/pocari-cm_1140.jpg_checked_256_256_30_30_0_680_290.jpg,0
270,/home/daisuke/Workplace/Count-Annotator2/pocari-cm.mp4_output/pocari-cm_1140.jpg_checked_256_256_cropped/0/pocari-cm_1140.jpg_checked_256_256_30_30_0_710_290.jpg,0
271,/home/daisuke/Workplace/Count-Annotator2/pocari-cm.mp4_output/pocari-cm_1140.jpg_checked_256_256_cropped/0/pocari-cm_1140.jpg_checked_256_256_30_30_0_740_290.jpg,0
272,/home/daisuke/Workplace/Count-Annotator2/pocari-cm.mp4_output/pocari-cm_1140.jpg_checked_256_256_cropped/0/pocari-cm_1140.jpg_checked_256_256_30_30_0_770_290.jpg,0
273,/home/daisuke/Workplace/Count-Annotator2/pocari-cm.mp4_output/pocari-cm_1140.jpg_checked_256_256_cropped/0/pocari-cm_1140.jpg_checked_256_256_30_30_0_800_290.jpg,0
274,/home/daisuke/Workplace/Count-Annotator2/pocari-cm.mp4_output/pocari-cm_1140.jpg_checked_256_256_cropped/0/pocari-cm_1140.jpg_checked_256_256_30_30_0_830_290.jpg,0
275,/home/daisuke/Workplace/Count-Annotator2/pocari-cm.mp4_output/pocari-cm_1140.jpg_checked_256_256_cropped/0/pocari-cm_1140.jpg_checked_256_256_30_30_0_860_290.jpg,0
276,/home/daisuke/Workplace/Count-Annotator2/pocari-cm.mp4_output/pocari-cm_1140.jpg_checked_256_256_cropped/0/pocari-cm_1140.jpg_checked_256_256_30_30_0_890_290.jpg,0
277,/home/daisuke/Workplace/Count-Annotator2/pocari-cm.mp4_output/pocari-cm_1140.jpg_checked_256_256_cropped/0/pocari-cm_1140.jpg_checked_256_256_30_30_0_920_290.jpg,0
278,/home/daisuke/Workplace/Count-Annotator2/pocari-cm.mp4_output/pocari-cm_1140.jpg_checked_256_256_cropped/0/pocari-cm_1140.jpg_checked_256_256_30_30_0_950_290.jpg,0
279,/home/daisuke/Workplace/Count-Annotator2/pocari-cm.mp4_output/pocari-cm_1140.jpg_checked_256_256_cropped/0/pocari-cm_1140.jpg_checked_256_256_30_30_0_50_320.jpg,0
280,/home/daisuke/Workplace/Count-Annotator2/pocari-cm.mp4_output/pocari-cm_1140.jpg_checked_256_256_cropped/0/pocari-cm_1140.jpg_checked_256_256_30_30_0_80_320.jpg,0
281,/home/daisuke/Workplace/Count-Annotator2/pocari-cm.mp4_output/pocari-cm_1140.jpg_checked_256_256_cropped/0/pocari-cm_1140.jpg_checked_256_256_30_30_0_110_320.jpg,0
282,/home/daisuke/Workplace/Count-Annotator2/pocari-cm.mp4_output/pocari-cm_1140.jpg_checked_256_256_cropped/0/pocari-cm_1140.jpg_checked_256_256_30_30_0_140_320.jpg,0
283,/home/daisuke/Workplace/Count-Annotator2/pocari-cm.mp4_output/pocari-cm_1140.jpg_checked_256_256_cropped/0/pocari-cm_1140.jpg_checked_256_256_30_30_0_170_320.jpg,0
284,/home/daisuke/Workplace/Count-Annotator2/pocari-cm.mp4_output/pocari-cm_1140.jpg_checked_256_256_cropped/0/pocari-cm_1140.jpg_checked_256_256_30_30_0_200_320.jpg,0
285,/home/daisuke/Workplace/Count-Annotator2/pocari-cm.mp4_output/pocari-cm_1140.jpg_checked_256_256_cropped/0/pocari-cm_1140.jpg_checked_256_256_30_30_0_230_320.jpg,0
286,/home/daisuke/Workplace/Count-Annotator2/pocari-cm.mp4_output/pocari-cm_1140.jpg_checked_256_256_cropped/0/pocari-cm_1140.jpg_checked_256_256_30_30_0_260_320.jpg,0
287,/home/daisuke/Workplace/Count-Annotator2/pocari-cm.mp4_output/pocari-cm_1140.jpg_checked_256_256_cropped/0/pocari-cm_1140.jpg_checked_256_256_30_30_0_290_320.jpg,0
288,/home/daisuke/Workplace/Count-Annotator2/pocari-cm.mp4_output/pocari-cm_1140.jpg_checked_256_256_cropped/0/pocari-cm_1140.jpg_checked_256_256_30_30_0_320_320.jpg,0
289,/home/daisuke/Workplace/Count-Annotator2/pocari-cm.mp4_output/pocari-cm_1140.jpg_checked_256_256_cropped/0/pocari-cm_1140.jpg_checked_256_256_30_30_0_350_320.jpg,0
290,/home/daisuke/Workplace/Count-Annotator2/pocari-cm.mp4_output/pocari-cm_1140.jpg_checked_256_256_cropped/0/pocari-cm_1140.jpg_checked_256_256_30_30_0_380_320.jpg,0
291,/home/daisuke/Workplace/Count-Annotator2/pocari-cm.mp4_output/pocari-cm_1140.jpg_checked_256_256_cropped/0/pocari-cm_1140.jpg_checked_256_256_30_30_0_410_320.jpg,0
292,/home/daisuke/Workplace/Count-Annotator2/pocari-cm.mp4_output/pocari-cm_1140.jpg_checked_256_256_cropped/0/pocari-cm_1140.jpg_checked_256_256_30_30_0_440_320.jpg,0
293,/home/daisuke/Workplace/Count-Annotator2/pocari-cm.mp4_output/pocari-cm_1140.jpg_checked_256_256_cropped/0/pocari-cm_1140.jpg_checked_256_256_30_30_0_470_320.jpg,0
294,/home/daisuke/Workplace/Count-Annotator2/pocari-cm.mp4_output/pocari-cm_1140.jpg_checked_256_256_cropped/0/pocari-cm_1140.jpg_checked_256_256_30_30_0_500_320.jpg,0
295,/home/daisuke/Workplace/Count-Annotator2/pocari-cm.mp4_output/pocari-cm_1140.jpg_checked_256_256_cropped/0/pocari-cm_1140.jpg_checked_256_256_30_30_0_530_320.jpg,0
296,/home/daisuke/Workplace/Count-Annotator2/pocari-cm.mp4_output/pocari-cm_1140.jpg_checked_256_256_cropped/0/pocari-cm_1140.jpg_checked_256_256_30_30_0_560_320.jpg,0
297,/home/daisuke/Workplace/Count-Annotator2/pocari-cm.mp4_output/pocari-cm_1140.jpg_checked_256_256_cropped/0/pocari-cm_1140.jpg_checked_256_256_30_30_0_590_320.jpg,0
298,/home/daisuke/Workplace/Count-Annotator2/pocari-cm.mp4_output/pocari-cm_1140.jpg_checked_256_256_cropped/0/pocari-cm_1140.jpg_checked_256_256_30_30_0_620_320.jpg,0
299,/home/daisuke/Workplace/Count-Annotator2/pocari-cm.mp4_output/pocari-cm_1140.jpg_checked_256_256_cropped/0/pocari-cm_1140.jpg_checked_256_256_30_30_0_650_320.jpg,0
300,/home/daisuke/Workplace/Count-Annotator2/pocari-cm.mp4_output/pocari-cm_1140.jpg_checked_256_256_cropped/0/pocari-cm_1140.jpg_checked_256_256_30_30_0_680_320.jpg,0
301,/home/daisuke/Workplace/Count-Annotator2/pocari-cm.mp4_output/pocari-cm_1140.jpg_checked_256_256_cropped/0/pocari-cm_1140.jpg_checked_256_256_30_30_0_710_320.jpg,0
302,/home/daisuke/Workplace/Count-Annotator2/pocari-cm.mp4_output/pocari-cm_1140.jpg_checked_256_256_cropped/0/pocari-cm_1140.jpg_checked_256_256_30_30_0_740_320.jpg,0
303,/home/daisuke/Workplace/Count-Annotator2/pocari-cm.mp4_output/pocari-cm_1140.jpg_checked_256_256_cropped/0/pocari-cm_1140.jpg_checked_256_256_30_30_0_770_320.jpg,0
304,/home/daisuke/Workplace/Count-Annotator2/pocari-cm.mp4_output/pocari-cm_1140.jpg_checked_256_256_cropped/0/pocari-cm_1140.jpg_checked_256_256_30_30_0_800_320.jpg,0
305,/home/daisuke/Workplace/Count-Annotator2/pocari-cm.mp4_output/pocari-cm_1140.jpg_checked_256_256_cropped/0/pocari-cm_1140.jpg_checked_256_256_30_30_0_830_320.jpg,0
306,/home/daisuke/Workplace/Count-Annotator2/pocari-cm.mp4_output/pocari-cm_1140.jpg_checked_256_256_cropped/0/pocari-cm_1140.jpg_checked_256_256_30_30_0_860_320.jpg,0
307,/home/daisuke/Workplace/Count-Annotator2/pocari-cm.mp4_output/pocari-cm_1140.jpg_checked_256_256_cropped/0/pocari-cm_1140.jpg_checked_256_256_30_30_0_890_320.jpg,0
308,/home/daisuke/Workplace/Count-Annotator2/pocari-cm.mp4_output/pocari-cm_1140.jpg_checked_256_256_cropped/0/pocari-cm_1140.jpg_checked_256_256_30_30_0_920_320.jpg,0
309,/home/daisuke/Workplace/Count-Annotator2/pocari-cm.mp4_output/pocari-cm_1140.jpg_checked_256_256_cropped/0/pocari-cm_1140.jpg_checked_256_256_30_30_0_950_320.jpg,0
310,/home/daisuke/Workplace/Count-Annotator2/pocari-cm.mp4_output/pocari-cm_1140.jpg_checked_256_256_cropped/0/pocari-cm_1140.jpg_checked_256_256_30_30_0_50_350.jpg,0
311,/home/daisuke/Workplace/Count-Annotator2/pocari-cm.mp4_output/pocari-cm_1140.jpg_checked_256_256_cropped/0/pocari-cm_1140.jpg_checked_256_256_30_30_0_80_350.jpg,0
312,/home/daisuke/Workplace/Count-Annotator2/pocari-cm.mp4_output/pocari-cm_1140.jpg_checked_256_256_cropped/0/pocari-cm_1140.jpg_checked_256_256_30_30_0_110_350.jpg,0
313,/home/daisuke/Workplace/Count-Annotator2/pocari-cm.mp4_output/pocari-cm_1140.jpg_checked_256_256_cropped/0/pocari-cm_1140.jpg_checked_256_256_30_30_0_140_350.jpg,0
314,/home/daisuke/Workplace/Count-Annotator2/pocari-cm.mp4_output/pocari-cm_1140.jpg_checked_256_256_cropped/0/pocari-cm_1140.jpg_checked_256_256_30_30_0_170_350.jpg,0
315,/home/daisuke/Workplace/Count-Annotator2/pocari-cm.mp4_output/pocari-cm_1140.jpg_checked_256_256_cropped/0/pocari-cm_1140.jpg_checked_256_256_30_30_0_200_350.jpg,0
316,/home/daisuke/Workplace/Count-Annotator2/pocari-cm.mp4_output/pocari-cm_1140.jpg_checked_256_256_cropped/0/pocari-cm_1140.jpg_checked_256_256_30_30_0_230_350.jpg,0
317,/home/daisuke/Workplace/Count-Annotator2/pocari-cm.mp4_output/pocari-cm_1140.jpg_checked_256_256_cropped/0/pocari-cm_1140.jpg_checked_256_256_30_30_0_260_350.jpg,0
318,/home/daisuke/Workplace/Count-Annotator2/pocari-cm.mp4_output/pocari-cm_1140.jpg_checked_256_256_cropped/0/pocari-cm_1140.jpg_checked_256_256_30_30_0_290_350.jpg,0
319,/home/daisuke/Workplace/Count-Annotator2/pocari-cm.mp4_output/pocari-cm_1140.jpg_checked_256_256_cropped/0/pocari-cm_1140.jpg_checked_256_256_30_30_0_320_350.jpg,0
320,/home/daisuke/Workplace/Count-Annotator2/pocari-cm.mp4_output/pocari-cm_1140.jpg_checked_256_256_cropped/0/pocari-cm_1140.jpg_checked_256_256_30_30_0_350_350.jpg,0
321,/home/daisuke/Workplace/Count-Annotator2/pocari-cm.mp4_output/pocari-cm_1140.jpg_checked_256_256_cropped/0/pocari-cm_1140.jpg_checked_256_256_30_30_0_380_350.jpg,0
322,/home/daisuke/Workplace/Count-Annotator2/pocari-cm.mp4_output/pocari-cm_1140.jpg_checked_256_256_cropped/0/pocari-cm_1140.jpg_checked_256_256_30_30_0_410_350.jpg,0
323,/home/daisuke/Workplace/Count-Annotator2/pocari-cm.mp4_output/pocari-cm_1140.jpg_checked_256_256_cropped/0/pocari-cm_1140.jpg_checked_256_256_30_30_0_440_350.jpg,0
324,/home/daisuke/Workplace/Count-Annotator2/pocari-cm.mp4_output/pocari-cm_1140.jpg_checked_256_256_cropped/0/pocari-cm_1140.jpg_checked_256_256_30_30_0_470_350.jpg,0
325,/home/daisuke/Workplace/Count-Annotator2/pocari-cm.mp4_output/pocari-cm_1140.jpg_checked_256_256_cropped/0/pocari-cm_1140.jpg_checked_256_256_30_30_0_500_350.jpg,0
326,/home/daisuke/Workplace/Count-Annotator2/pocari-cm.mp4_output/pocari-cm_1140.jpg_checked_256_256_cropped/0/pocari-cm_1140.jpg_checked_256_256_30_30_0_530_350.jpg,0
327,/home/daisuke/Workplace/Count-Annotator2/pocari-cm.mp4_output/pocari-cm_1140.jpg_checked_256_256_cropped/0/pocari-cm_1140.jpg_checked_256_256_30_30_0_560_350.jpg,0
328,/home/daisuke/Workplace/Count-Annotator2/pocari-cm.mp4_output/pocari-cm_1140.jpg_checked_256_256_cropped/0/pocari-cm_1140.jpg_checked_256_256_30_30_0_590_350.jpg,0
329,/home/daisuke/Workplace/Count-Annotator2/pocari-cm.mp4_output/pocari-cm_1140.jpg_checked_256_256_cropped/0/pocari-cm_1140.jpg_checked_256_256_30_30_0_620_350.jpg,0
330,/home/daisuke/Workplace/Count-Annotator2/pocari-cm.mp4_output/pocari-cm_1140.jpg_checked_256_256_cropped/0/pocari-cm_1140.jpg_checked_256_256_30_30_0_650_350.jpg,0
331,/home/daisuke/Workplace/Count-Annotator2/pocari-cm.mp4_output/pocari-cm_1140.jpg_checked_256_256_cropped/0/pocari-cm_1140.jpg_checked_256_256_30_30_0_680_350.jpg,0
332,/home/daisuke/Workplace/Count-Annotator2/pocari-cm.mp4_output/pocari-cm_1140.jpg_checked_256_256_cropped/0/pocari-cm_1140.jpg_checked_256_256_30_30_0_710_350.jpg,0
333,/home/daisuke/Workplace/Count-Annotator2/pocari-cm.mp4_output/pocari-cm_1140.jpg_checked_256_256_cropped/0/pocari-cm_1140.jpg_checked_256_256_30_30_0_740_350.jpg,0
334,/home/daisuke/Workplace/Count-Annotator2/pocari-cm.mp4_output/pocari-cm_1140.jpg_checked_256_256_cropped/0/pocari-cm_1140.jpg_checked_256_256_30_30_0_770_350.jpg,0
335,/home/daisuke/Workplace/Count-Annotator2/pocari-cm.mp4_output/pocari-cm_1140.jpg_checked_256_256_cropped/0/pocari-cm_1140.jpg_checked_256_256_30_30_0_800_350.jpg,0
336,/home/daisuke/Workplace/Count-Annotator2/pocari-cm.mp4_output/pocari-cm_1140.jpg_checked_256_256_cropped/0/pocari-cm_1140.jpg_checked_256_256_30_30_0_830_350.jpg,0
337,/home/daisuke/Workplace/Count-Annotator2/pocari-cm.mp4_output/pocari-cm_1140.jpg_checked_256_256_cropped/0/pocari-cm_1140.jpg_checked_256_256_30_30_0_860_350.jpg,0
338,/home/daisuke/Workplace/Count-Annotator2/pocari-cm.mp4_output/pocari-cm_1140.jpg_checked_256_256_cropped/0/pocari-cm_1140.jpg_checked_256_256_30_30_0_890_350.jpg,0
339,/home/daisuke/Workplace/Count-Annotator2/pocari-cm.mp4_output/pocari-cm_1140.jpg_checked_256_256_cropped/0/pocari-cm_1140.jpg_checked_256_256_30_30_0_920_350.jpg,0
340,/home/daisuke/Workplace/Count-Annotator2/pocari-cm.mp4_output/pocari-cm_1140.jpg_checked_256_256_cropped/0/pocari-cm_1140.jpg_checked_256_256_30_30_0_950_350.jpg,0
341,/home/daisuke/Workplace/Count-Annotator2/pocari-cm.mp4_output/pocari-cm_1140.jpg_checked_256_256_cropped/0/pocari-cm_1140.jpg_checked_256_256_30_30_0_50_380.jpg,0
342,/home/daisuke/Workplace/Count-Annotator2/pocari-cm.mp4_output/pocari-cm_1140.jpg_checked_256_256_cropped/0/pocari-cm_1140.jpg_checked_256_256_30_30_0_80_380.jpg,0
343,/home/daisuke/Workplace/Count-Annotator2/pocari-cm.mp4_output/pocari-cm_1140.jpg_checked_256_256_cropped/0/pocari-cm_1140.jpg_checked_256_256_30_30_0_110_380.jpg,0
344,/home/daisuke/Workplace/Count-Annotator2/pocari-cm.mp4_output/pocari-cm_1140.jpg_checked_256_256_cropped/0/pocari-cm_1140.jpg_checked_256_256_30_30_0_140_380.jpg,0
345,/home/daisuke/Workplace/Count-Annotator2/pocari-cm.mp4_output/pocari-cm_1140.jpg_checked_256_256_cropped/0/pocari-cm_1140.jpg_checked_256_256_30_30_0_170_380.jpg,0
346,/home/daisuke/Workplace/Count-Annotator2/pocari-cm.mp4_output/pocari-cm_1140.jpg_checked_256_256_cropped/0/pocari-cm_1140.jpg_checked_256_256_30_30_0_200_380.jpg,0
347,/home/daisuke/Workplace/Count-Annotator2/pocari-cm.mp4_output/pocari-cm_1140.jpg_checked_256_256_cropped/0/pocari-cm_1140.jpg_checked_256_256_30_30_0_230_380.jpg,0
348,/home/daisuke/Workplace/Count-Annotator2/pocari-cm.mp4_output/pocari-cm_1140.jpg_checked_256_256_cropped/0/pocari-cm_1140.jpg_checked_256_256_30_30_0_260_380.jpg,0
349,/home/daisuke/Workplace/Count-Annotator2/pocari-cm.mp4_output/pocari-cm_1140.jpg_checked_256_256_cropped/0/pocari-cm_1140.jpg_checked_256_256_30_30_0_290_380.jpg,0
350,/home/daisuke/Workplace/Count-Annotator2/pocari-cm.mp4_output/pocari-cm_1140.jpg_checked_256_256_cropped/0/pocari-cm_1140.jpg_checked_256_256_30_30_0_320_380.jpg,0
351,/home/daisuke/Workplace/Count-Annotator2/pocari-cm.mp4_output/pocari-cm_1140.jpg_checked_256_256_cropped/0/pocari-cm_1140.jpg_checked_256_256_30_30_0_350_380.jpg,0
352,/home/daisuke/Workplace/Count-Annotator2/pocari-cm.mp4_output/pocari-cm_1140.jpg_checked_256_256_cropped/0/pocari-cm_1140.jpg_checked_256_256_30_30_0_380_380.jpg,0
353,/home/daisuke/Workplace/Count-Annotator2/pocari-cm.mp4_output/pocari-cm_1140.jpg_checked_256_256_cropped/0/pocari-cm_1140.jpg_checked_256_256_30_30_0_410_380.jpg,0
354,/home/daisuke/Workplace/Count-Annotator2/pocari-cm.mp4_output/pocari-cm_1140.jpg_checked_256_256_cropped/0/pocari-cm_1140.jpg_checked_256_256_30_30_0_440_380.jpg,0
355,/home/daisuke/Workplace/Count-Annotator2/pocari-cm.mp4_output/pocari-cm_1140.jpg_checked_256_256_cropped/0/pocari-cm_1140.jpg_checked_256_256_30_30_0_470_380.jpg,0
356,/home/daisuke/Workplace/Count-Annotator2/pocari-cm.mp4_output/pocari-cm_1140.jpg_checked_256_256_cropped/0/pocari-cm_1140.jpg_checked_256_256_30_30_0_500_380.jpg,0
357,/home/daisuke/Workplace/Count-Annotator2/pocari-cm.mp4_output/pocari-cm_1140.jpg_checked_256_256_cropped/0/pocari-cm_1140.jpg_checked_256_256_30_30_0_530_380.jpg,0
358,/home/daisuke/Workplace/Count-Annotator2/pocari-cm.mp4_output/pocari-cm_1140.jpg_checked_256_256_cropped/0/pocari-cm_1140.jpg_checked_256_256_30_30_0_560_380.jpg,0
359,/home/daisuke/Workplace/Count-Annotator2/pocari-cm.mp4_output/pocari-cm_1140.jpg_checked_256_256_cropped/0/pocari-cm_1140.jpg_checked_256_256_30_30_0_590_380.jpg,0
360,/home/daisuke/Workplace/Count-Annotator2/pocari-cm.mp4_output/pocari-cm_1140.jpg_checked_256_256_cropped/0/pocari-cm_1140.jpg_checked_256_256_30_30_0_620_380.jpg,0
361,/home/daisuke/Workplace/Count-Annotator2/pocari-cm.mp4_output/pocari-cm_1140.jpg_checked_256_256_cropped/0/pocari-cm_1140.jpg_checked_256_256_30_30_0_650_380.jpg,0
362,/home/daisuke/Workplace/Count-Annotator2/pocari-cm.mp4_output/pocari-cm_1140.jpg_checked_256_256_cropped/0/pocari-cm_1140.jpg_checked_256_256_30_30_0_680_380.jpg,0
363,/home/daisuke/Workplace/Count-Annotator2/pocari-cm.mp4_output/pocari-cm_1140.jpg_checked_256_256_cropped/0/pocari-cm_1140.jpg_checked_256_256_30_30_0_710_380.jpg,0
364,/home/daisuke/Workplace/Count-Annotator2/pocari-cm.mp4_output/pocari-cm_1140.jpg_checked_256_256_cropped/0/pocari-cm_1140.jpg_checked_256_256_30_30_0_740_380.jpg,0
365,/home/daisuke/Workplace/Count-Annotator2/pocari-cm.mp4_output/pocari-cm_1140.jpg_checked_256_256_cropped/0/pocari-cm_1140.jpg_checked_256_256_30_30_0_770_380.jpg,0
366,/home/daisuke/Workplace/Count-Annotator2/pocari-cm.mp4_output/pocari-cm_1140.jpg_checked_256_256_cropped/0/pocari-cm_1140.jpg_checked_256_256_30_30_0_800_380.jpg,0
367,/home/daisuke/Workplace/Count-Annotator2/pocari-cm.mp4_output/pocari-cm_1140.jpg_checked_256_256_cropped/0/pocari-cm_1140.jpg_checked_256_256_30_30_0_830_380.jpg,0
368,/home/daisuke/Workplace/Count-Annotator2/pocari-cm.mp4_output/pocari-cm_1140.jpg_checked_256_256_cropped/0/pocari-cm_1140.jpg_checked_256_256_30_30_0_860_380.jpg,0
369,/home/daisuke/Workplace/Count-Annotator2/pocari-cm.mp4_output/pocari-cm_1140.jpg_checked_256_256_cropped/0/pocari-cm_1140.jpg_checked_256_256_30_30_0_890_380.jpg,0
370,/home/daisuke/Workplace/Count-Annotator2/pocari-cm.mp4_output/pocari-cm_1140.jpg_checked_256_256_cropped/0/pocari-cm_1140.jpg_checked_256_256_30_30_0_920_380.jpg,0
371,/home/daisuke/Workplace/Count-Annotator2/pocari-cm.mp4_output/pocari-cm_1140.jpg_checked_256_256_cropped/0/pocari-cm_1140.jpg_checked_256_256_30_30_0_950_380.jpg,0
372,/home/daisuke/Workplace/Count-Annotator2/pocari-cm.mp4_output/pocari-cm_1140.jpg_checked_256_256_cropped/0/pocari-cm_1140.jpg_checked_256_256_30_30_0_50_410.jpg,0
373,/home/daisuke/Workplace/Count-Annotator2/pocari-cm.mp4_output/pocari-cm_1140.jpg_checked_256_256_cropped/0/pocari-cm_1140.jpg_checked_256_256_30_30_0_80_410.jpg,0
374,/home/daisuke/Workplace/Count-Annotator2/pocari-cm.mp4_output/pocari-cm_1140.jpg_checked_256_256_cropped/0/pocari-cm_1140.jpg_checked_256_256_30_30_0_110_410.jpg,0
375,/home/daisuke/Workplace/Count-Annotator2/pocari-cm.mp4_output/pocari-cm_1140.jpg_checked_256_256_cropped/0/pocari-cm_1140.jpg_checked_256_256_30_30_0_140_410.jpg,0
376,/home/daisuke/Workplace/Count-Annotator2/pocari-cm.mp4_output/pocari-cm_1140.jpg_checked_256_256_cropped/0/pocari-cm_1140.jpg_checked_256_256_30_30_0_170_410.jpg,0
377,/home/daisuke/Workplace/Count-Annotator2/pocari-cm.mp4_output/pocari-cm_1140.jpg_checked_256_256_cropped/0/pocari-cm_1140.jpg_checked_256_256_30_30_0_200_410.jpg,0
378,/home/daisuke/Workplace/Count-Annotator2/pocari-cm.mp4_output/pocari-cm_1140.jpg_checked_256_256_cropped/0/pocari-cm_1140.jpg_checked_256_256_30_30_0_230_410.jpg,0
379,/home/daisuke/Workplace/Count-Annotator2/pocari-cm.mp4_output/pocari-cm_1140.jpg_checked_256_256_cropped/0/pocari-cm_1140.jpg_checked_256_256_30_30_0_260_410.jpg,0
380,/home/daisuke/Workplace/Count-Annotator2/pocari-cm.mp4_output/pocari-cm_1140.jpg_checked_256_256_cropped/0/pocari-cm_1140.jpg_checked_256_256_30_30_0_290_410.jpg,0
381,/home/daisuke/Workplace/Count-Annotator2/pocari-cm.mp4_output/pocari-cm_1140.jpg_checked_256_256_cropped/0/pocari-cm_1140.jpg_checked_256_256_30_30_0_320_410.jpg,0
382,/home/daisuke/Workplace/Count-Annotator2/pocari-cm.mp4_output/pocari-cm_1140.jpg_checked_256_256_cropped/0/pocari-cm_1140.jpg_checked_256_256_30_30_0_350_410.jpg,0
383,/home/daisuke/Workplace/Count-Annotator2/pocari-cm.mp4_output/pocari-cm_1140.jpg_checked_256_256_cropped/0/pocari-cm_1140.jpg_checked_256_256_30_30_0_380_410.jpg,0
384,/home/daisuke/Workplace/Count-Annotator2/pocari-cm.mp4_output/pocari-cm_1140.jpg_checked_256_256_cropped/0/pocari-cm_1140.jpg_checked_256_256_30_30_0_410_410.jpg,0
385,/home/daisuke/Workplace/Count-Annotator2/pocari-cm.mp4_output/pocari-cm_1140.jpg_checked_256_256_cropped/0/pocari-cm_1140.jpg_checked_256_256_30_30_0_440_410.jpg,0
386,/home/daisuke/Workplace/Count-Annotator2/pocari-cm.mp4_output/pocari-cm_1140.jpg_checked_256_256_cropped/0/pocari-cm_1140.jpg_checked_256_256_30_30_0_470_410.jpg,0
387,/home/daisuke/Workplace/Count-Annotator2/pocari-cm.mp4_output/pocari-cm_1140.jpg_checked_256_256_cropped/0/pocari-cm_1140.jpg_checked_256_256_30_30_0_500_410.jpg,0
388,/home/daisuke/Workplace/Count-Annotator2/pocari-cm.mp4_output/pocari-cm_1140.jpg_checked_256_256_cropped/0/pocari-cm_1140.jpg_checked_256_256_30_30_0_530_410.jpg,0
389,/home/daisuke/Workplace/Count-Annotator2/pocari-cm.mp4_output/pocari-cm_1140.jpg_checked_256_256_cropped/0/pocari-cm_1140.jpg_checked_256_256_30_30_0_560_410.jpg,0
390,/home/daisuke/Workplace/Count-Annotator2/pocari-cm.mp4_output/pocari-cm_1140.jpg_checked_256_256_cropped/0/pocari-cm_1140.jpg_checked_256_256_30_30_0_590_410.jpg,0
391,/home/daisuke/Workplace/Count-Annotator2/pocari-cm.mp4_output/pocari-cm_1140.jpg_checked_256_256_cropped/0/pocari-cm_1140.jpg_checked_256_256_30_30_0_620_410.jpg,0
392,/home/daisuke/Workplace/Count-Annotator2/pocari-cm.mp4_output/pocari-cm_1140.jpg_checked_256_256_cropped/0/pocari-cm_1140.jpg_checked_256_256_30_30_0_650_410.jpg,0
393,/home/daisuke/Workplace/Count-Annotator2/pocari-cm.mp4_output/pocari-cm_1140.jpg_checked_256_256_cropped/0/pocari-cm_1140.jpg_checked_256_256_30_30_0_680_410.jpg,0
394,/home/daisuke/Workplace/Count-Annotator2/pocari-cm.mp4_output/pocari-cm_1140.jpg_checked_256_256_cropped/0/pocari-cm_1140.jpg_checked_256_256_30_30_0_710_410.jpg,0
395,/home/daisuke/Workplace/Count-Annotator2/pocari-cm.mp4_output/pocari-cm_1140.jpg_checked_256_256_cropped/0/pocari-cm_1140.jpg_checked_256_256_30_30_0_740_410.jpg,0
396,/home/daisuke/Workplace/Count-Annotator2/pocari-cm.mp4_output/pocari-cm_1140.jpg_checked_256_256_cropped/0/pocari-cm_1140.jpg_checked_256_256_30_30_0_770_410.jpg,0
397,/home/daisuke/Workplace/Count-Annotator2/pocari-cm.mp4_output/pocari-cm_1140.jpg_checked_256_256_cropped/0/pocari-cm_1140.jpg_checked_256_256_30_30_0_800_410.jpg,0
398,/home/daisuke/Workplace/Count-Annotator2/pocari-cm.mp4_output/pocari-cm_1140.jpg_checked_256_256_cropped/0/pocari-cm_1140.jpg_checked_256_256_30_30_0_830_410.jpg,0
399,/home/daisuke/Workplace/Count-Annotator2/pocari-cm.mp4_output/pocari-cm_1140.jpg_checked_256_256_cropped/0/pocari-cm_1140.jpg_checked_256_256_30_30_0_860_410.jpg,0
400,/home/daisuke/Workplace/Count-Annotator2/pocari-cm.mp4_output/pocari-cm_1140.jpg_checked_256_256_cropped/0/pocari-cm_1140.jpg_checked_256_256_30_30_0_890_410.jpg,0
401,/home/daisuke/Workplace/Count-Annotator2/pocari-cm.mp4_output/pocari-cm_1140.jpg_checked_256_256_cropped/0/pocari-cm_1140.jpg_checked_256_256_30_30_0_920_410.jpg,0
402,/home/daisuke/Workplace/Count-Annotator2/pocari-cm.mp4_output/pocari-cm_1140.jpg_checked_256_256_cropped/0/pocari-cm_1140.jpg_checked_256_256_30_30_0_950_410.jpg,0
